result_no	generate_no	e_no	name	nickname	
16	0	1		シェルフィーヌ
16	0	2		テリフ
16	0	3		わん太
16	0	4		レプシィ
16	0	5		シュテファン
16	0	6		セルナ
16	0	8		BBくま
16	0	9		ゴーダ
16	0	10		アリエス
16	0	11		高島
16	0	12		ディ・ラ
16	0	13		ラティク
16	0	14		アルト
16	0	15		リオ
16	0	16		アナスタシヤ
16	0	17		ミコ
16	0	18		かみら
16	0	19		プリオリ
16	0	20		アンゲル
16	0	21		コニー
16	0	22		ヴィルザ
16	0	23		ヒミコ
16	0	25		クマヘッド
16	0	26		チズ
16	0	28		シャル
16	0	30		リュカ
16	0	33		ユズィルー
16	0	34		フシハラ
16	0	35		イソラ
16	0	36		ルネ
16	0	37		エルフェ
16	0	38		リンゼロンゼ
16	0	39		クレイ
16	0	40		ルファ
16	0	41		ひずひずひずみん
16	0	42		トナトナ
16	0	43		アビー
16	0	44		イヴァン
16	0	46		アン
16	0	47		フェイ
16	0	48		マリス
16	0	49		くろる
16	0	50		ケイシー
16	0	51		シオン＆レン
16	0	52		ユーフェミア
16	0	54		アルフレッド
16	0	55		エレイナ
16	0	56		ナナ
16	0	57		骨頭
16	0	58		シロ
16	0	60		レオン
16	0	61		ベンジョマン
16	0	62		ななり
16	0	63		やなぎ
16	0	64		ティグリス
16	0	66		次元竜と旅人
16	0	67		イサラ
16	0	68		リュー
16	0	71		ヒイラギ
16	0	72		ユリン
16	0	73		ハツネ
16	0	74		”ラジー”
16	0	75		カノン
16	0	76		ナコ
16	0	77		にゃんたろー
16	0	79		ななみ
16	0	80		凛
16	0	81		ベル
16	0	82		ラザロ
16	0	83		レザ
16	0	84		リティ
16	0	85		尚香
16	0	86		サラ
16	0	88		スズキさん
16	0	89		マーキュリー
16	0	90		ノゼ
16	0	91		ファン＆アド
16	0	92		ストラス
16	0	93		リッキー
16	0	94		ミルテミラ
16	0	95		ヴァンエッタ
16	0	97		アクセス
16	0	98		べるえる
16	0	99		アイン
16	0	100		フェデルタ
16	0	101		ナタ
16	0	102		パロザ
16	0	103		銀クジラ
16	0	104		アリス
16	0	105		アッシュ
16	0	107		さざれ
16	0	109		やまねこ
16	0	110		オレリア
16	0	111		セナ
16	0	114		ひまり
16	0	115		ミチル
16	0	116		エル
16	0	118		アーヴ
16	0	119		リュミール
16	0	120		ロディ
16	0	121		ネコニカ
16	0	122		瑞穂
16	0	123		アルさん
16	0	128		ベルラッド
16	0	129		ティア
16	0	131		ルディス
16	0	132		ツヅミ
16	0	133		マミーグラス
16	0	134		リセ
16	0	135		シア
16	0	136		アルカーシャ
16	0	138		自称社長
16	0	139		水橋
16	0	141		スピン
16	0	142		ソーニャ
16	0	143		一 般人
16	0	144		アカリ
16	0	145		エルリッヒ
16	0	146		レキュ
16	0	147		颯＆エアリアス
16	0	149		ギネル
16	0	150		グレン
16	0	151		ギロチン
16	0	152		ディル
16	0	153		MEN&#039;S
16	0	155		ルー
16	0	156		カンナ
16	0	157		パーフリ
16	0	159		ユーリ
16	0	160		エピーネ
16	0	161		リイオ
16	0	164		メクルト
16	0	166		樹液
16	0	167		エリクシル
16	0	170		ラクリマ
16	0	171		ヨムヨム
16	0	172		レイ
16	0	173		燈梨
16	0	174		ラディアタ
16	0	175		ぶすじま
16	0	176		ぴよらっと
16	0	179		ティー
16	0	180		ヅィエ
16	0	181		メカエキス
16	0	182		スキンドー
16	0	183		レコ
16	0	186		タニャロッタ
16	0	187		リン
16	0	188		ミドラーシュ
16	0	189		イクセル
16	0	191		ラディ
16	0	192		カルネ
16	0	195		ダグラス
16	0	196		ロウ
16	0	197		いやいやぎ
16	0	198		ノエル
16	0	200		クク
16	0	201		しみず
16	0	202		灯里
16	0	204		少女と怪物
16	0	205		ささら
16	0	206		詩人
16	0	207		マリー
16	0	208		ミサ
16	0	209		ステッキ
16	0	210		ヤト
16	0	212		イユ
16	0	215		イアサント
16	0	216		リュー
16	0	217		ハルト神父
16	0	218		クロ
16	0	219		リファ
16	0	222		イズアルボーグ
16	0	224		辰巳
16	0	225		ティム
16	0	226		ジル
16	0	227		シャーフェ
16	0	228		リンカ
16	0	229		菱原
16	0	230		根來
16	0	232		ジニール
16	0	234		とりっぴぃ
16	0	235		ハル
16	0	236		ツルギヒメ
16	0	237		エゼル
16	0	238		リオル
16	0	239		由紀
16	0	242		なべーん
16	0	243		ティア
16	0	246		スノウ
16	0	247		ヴァイロス
16	0	248		ディルク
16	0	250		かぶら
16	0	252		アリスフィア
16	0	253		ルブカ
16	0	254		クリス
16	0	256		ザラ
16	0	257		コロリィ
16	0	258		お嬢様ですわ
16	0	260		パティカ
16	0	261		ニノン
16	0	262		黒月＆サーリャ
16	0	264		ソラン
16	0	265		クラッシュ
16	0	267		クチルハ
16	0	269		ラジカ
16	0	271		マリー
16	0	272		コート
16	0	273		インジャー
16	0	275		さゆ
16	0	277		ルギウス
16	0	278		ルクル
16	0	279		ルナ
16	0	280		ルウリィ
16	0	282		キタカ
16	0	284		ヘキサ
16	0	285		オルシアン
16	0	287		ジュネ
16	0	288		フィオ
16	0	289		シャル
16	0	291		キャロル
16	0	293		ムト
16	0	294		アルマ
16	0	295		ユーリー
16	0	296		ジャッキー
16	0	299		クルアル
16	0	301		カルディナ
16	0	302		触手さん
16	0	303		セリィ
16	0	304		エクリュ
16	0	305		アシタ
16	0	306		ロゾバ
16	0	310		オレガ
16	0	311		エリステラ
16	0	312		メルフィ
16	0	313		プリマ
16	0	314		アルツ
16	0	315		くろ
16	0	316		うぞむぞ
16	0	317		ノエル
16	0	318		サキハ
16	0	319		みすのん
16	0	321		アーガタ
16	0	322		ティスカ
16	0	323		ハルルン
16	0	324		エンデ
16	0	327		天郎
16	0	331		ユミール
16	0	332		アクス
16	0	333		シスイ
16	0	334		ベルデ
16	0	336		リリー
16	0	338		ヤン
16	0	339		リアン
16	0	341		トゲヌキ
16	0	342		フリル
16	0	343		メッシー君
16	0	344		ユリシーズ
16	0	347		ハルノ
16	0	348		デネボラ
16	0	349		夢人形
16	0	350		そめ
16	0	351		ヨナ
16	0	352		ジェニー
16	0	353		蓮華
16	0	354		エソ
16	0	356		墨喰い
16	0	358		ファシィ
16	0	359		カリカ
16	0	360		デッドマン
16	0	361		かみにんぎょう
16	0	363		わこ
16	0	365		ぺぺ＆エゼ
16	0	366		ハヤテ
16	0	367		ラナ
16	0	371		リアン
16	0	372		リア
16	0	375		ヒノキ
16	0	376		サッちゃん
16	0	378		疾風デメキン
16	0	379		東天紅
16	0	380		月緒
16	0	381		クロミア
16	0	382		忘草のソウ
16	0	383		ジル
16	0	385		Hg
16	0	386		渚沙
16	0	388		ゅんゅん
16	0	390		ノイズ
16	0	391		ナージ
16	0	392		タツムネ
16	0	395		ウェルティシア
16	0	396		ヒナタ
16	0	397		月夜見
16	0	398		アリエ
16	0	399		ルエ
16	0	400		うつつ
16	0	401		エリカ
16	0	402		コール
16	0	403		リューヴ
16	0	406		こしたん
16	0	407		（　´・д・）
16	0	409		せっき
16	0	410		ナナセ
16	0	411		まゆたん
16	0	412		ケイン
16	0	413		ケア
16	0	415		レティ&ミュアル
16	0	416		ジーセン
16	0	421		ネイ
16	0	423		マスティス
16	0	424		シオン
16	0	426		梓
16	0	427		クター
16	0	428		彩
16	0	429		エナ
16	0	430		ユートの幻影
16	0	431		しおんきゃっと
16	0	432		ルーチェ
16	0	434		アミーリア
16	0	435		ショウ
16	0	437		もぐもぐ
16	0	438		ポモドーロ
16	0	439		ケンユウ
16	0	440		ぼっち魔神
16	0	442		ベヘモト
16	0	443		闇猫
16	0	444		スバル
16	0	446		クロウ
16	0	448		ユウ
16	0	450		セリア
16	0	452		メーダ
16	0	453		みこ
16	0	454		ちゃいな
16	0	457		リオン
16	0	461		桜蘭
16	0	465		ニカ
16	0	466		ゆいな
16	0	467		キョウ
16	0	468		由依
16	0	469		シンクレア
16	0	470		ステラ
16	0	471		アヴシャケリィ
16	0	472		テレサ
16	0	473		リフィ
16	0	474		クロウ
16	0	478		リュシーカ
16	0	479		フリー・バード
16	0	482		薙
16	0	485		ヴィリー
16	0	487		みみつき
16	0	490		ヤヤ
16	0	491		ヨルニカ
16	0	492		ヒマリ
16	0	493		不溶氷壁
16	0	494		ミルチャ
16	0	496		のんの
16	0	497		ケネス
16	0	498		コマ
16	0	499		ゆめのこ
16	0	500		腐乱さん
16	0	501		クリュ
16	0	502		トモヤ
16	0	503		アトゥ
16	0	504		ベイゼル
16	0	506		キキ
16	0	507		青葉
16	0	508		洋香
16	0	509		ニコとニキ
16	0	510		リエット
16	0	513		レス
16	0	514		リアナ
16	0	516		千尋
16	0	518		闇
16	0	521		せいな
16	0	522		シェル
16	0	523		芙蓉
16	0	525		ユラハ
16	0	526		リリーエ
16	0	527		桔梗
16	0	536		ぽちゃ子
16	0	537		リザ・ベル
16	0	538		ルミ
16	0	539		ディフィス
16	0	543		フィーネ
16	0	544		しぇんふー
16	0	546		アポカリプス
16	0	550		かける
16	0	560		ソク
16	0	563		イリー
16	0	564		ヤコ
16	0	565		みーちゃん
16	0	567		レイト
16	0	568		もぶ
16	0	569		エイヴィス
16	0	570		アラシ
16	0	571		ベルフェリア
16	0	572		アセリア
16	0	574		ノワール
16	0	575		ユクーリ
16	0	576		メリアル
16	0	582		くれは
16	0	583		ブランシュ
16	0	585		ピコット
16	0	586		さかな
16	0	587		ウィル
16	0	588		ビキニアーマー子
16	0	589		トム
16	0	591		デキュプル
16	0	592		ティア
16	0	593		シノ
16	0	594		キリヤ
16	0	596		バーシュ
16	0	597		レジー
16	0	598		クルタナ
16	0	600		ミル
16	0	602		ケウミ
16	0	604		ちょこ
16	0	606		トーン
16	0	607		るんぱ！
16	0	608		アーネット
16	0	610		奈菜
16	0	611		ワレモコウ
16	0	614		アメデウス
16	0	622		聖華
16	0	624		トッテ
16	0	626		ナギサ
16	0	630		ユージン
16	0	631		テクテ
16	0	633		うすいん
16	0	634		ムク
16	0	635		クルト
16	0	636		遙
16	0	641		紅羽
16	0	642		睡魔
16	0	644		たま
16	0	647		clone
16	0	650		マリア
16	0	651		スプル
16	0	655		内森
16	0	658		ドルチェ
16	0	663		まころー
16	0	664		ペリカン
16	0	665		冷泉
16	0	667		千景
16	0	668		レジィ
16	0	673		安菜
16	0	675		イリナ
16	0	683		ノエル
16	0	684		箱人間
16	0	685		静
16	0	688		オリヴィア
16	0	689		L・Doll
16	0	691		マゴア
16	0	692		エイノ
16	0	693		黒銀
16	0	694		カティル
16	0	696		トーコ
16	0	697		リンリン
16	0	698		キシナダ
16	0	699		seker
16	0	700		シファカ
16	0	704		ダイコニオン
16	0	706		アリア
16	0	708		にえ
16	0	709		709番
16	0	710		ミネット
16	0	711		アカネ
16	0	712		腹パンタローネ
16	0	713		ヨーコ
16	0	715		黒帽子
16	0	716		メルティ
16	0	717		レイエ
16	0	719		怪盗クスクス
16	0	722		セラヴィー
16	0	723		姫樹
16	0	725		レイズ
16	0	726		姫白 上総
16	0	727		チャッカマン
16	0	728		リード
16	0	729		レイリス
16	0	730		レヴ
16	0	732		ティキ
16	0	733		キリカ
16	0	737		セレーヌ
16	0	738		エルグ
16	0	743		鴨
16	0	744		メリー
16	0	745		すてぃ
16	0	747		ラミー
16	0	748		無
16	0	749		ハイジ
16	0	751		栗茂命
16	0	752		ヒシビシ
16	0	753		傍観者
16	0	754		テオ
16	0	755		アルミナ
16	0	758		ネルケ
16	0	760		メフィスト
16	0	762		アリクイさん
16	0	763		シエラ
16	0	765		エマール
16	0	766		ドラジェ
16	0	770		ノイン
16	0	771		クゼ
16	0	772		ノーマ
16	0	778		リコ
16	0	779		常世
16	0	780		しまうま（自称）
16	0	782		マナ
16	0	784		クレナイ
16	0	785		クニー
16	0	786		E Lloyd
16	0	787		マユリ
16	0	789		ルリ
16	0	790		ヴィルヘルム
16	0	793		ミカエラ
16	0	794		りぐーん
16	0	795		ロスト
16	0	798		ハイディ
16	0	799		アリサ
16	0	801		ゼノン
16	0	802		オルソ
16	0	803		レイヴン
16	0	804		遮光器土偶
16	0	807		リジー
16	0	808		ハイカル
16	0	809		アルメル
16	0	810		GWT-000焔
16	0	811		天然温泉『ゆ』
16	0	813		バニー
16	0	814		くろねこ
16	0	816		ラグ
16	0	820		アグル
16	0	821		Alice
16	0	822		クライル
16	0	823		Yo2
16	0	824		ソーントン
16	0	827		桜花
16	0	828		内藤春人
16	0	831		ヴェルマ
16	0	832		アド
16	0	833		飛鳥
16	0	836		ガラ＝ハ
16	0	843		エアー
16	0	847		アリシィ
16	0	848		希世子
16	0	849		ねこ
16	0	854		夢喰い
16	0	855		マル
16	0	856		イニー
16	0	858		いれさわ
16	0	861		メリー
16	0	868		イェスタ
16	0	869		にょん
16	0	872		ネコミカン
16	0	874		サダノリ
16	0	875		ツブラ
16	0	876		パンさん
16	0	877		キアロン
16	0	880		白繪
16	0	881		ユリサクヤ
16	0	882		音魔のソルフェ
16	0	884		なつき
16	0	885		ラピネル
16	0	887		双子ちゃんズ
16	0	891		血汐
16	0	892		テオ
16	0	895		長い薬指
16	0	896		ブルギニョンヌ
16	0	897		かなた
16	0	900		スレイ
16	0	902		ゾナ
16	0	903		カラウィヤ
16	0	905		セピア
16	0	907		シャーヒニ
16	0	908		レヴィン
16	0	909		ミラルカ
16	0	911		エン・カウント
16	0	913		暗黒
16	0	914		アト
16	0	915		カティ
16	0	916		ムウ
16	0	917		壷あざらし
16	0	919		エマ
16	0	920		エモン
16	0	921		パム
16	0	922		あやめ
16	0	923		トス
16	0	924		イウォセン
16	0	925		カイン
16	0	926		黒獅子
16	0	927		キャロル
16	0	930		ルリ
16	0	931		ラスト
16	0	932		クリファ
16	0	933		あさひ
16	0	934		フェル
16	0	935		メロウ
16	0	936		へいし
16	0	937		ジュエル
16	0	939		しょぼ
16	0	944		ショウマ
16	0	945		ヒャビオン
16	0	946		ロズ
16	0	947		ソフィ
16	0	950		ケネケッチョロ
16	0	952		リベル
16	0	953		ヴァイン
16	0	954		コルノ
16	0	955		銀
16	0	958		イーヴ
16	0	959		アイちゃん
16	0	960		クレイル
16	0	961		ニシュカート
16	0	964		れきあ
16	0	965		姫。
16	0	968		吉乃
16	0	970		プリア/ロズ
16	0	973		フェイ（馬鹿）
16	0	975		デュー
16	0	980		ベル
16	0	982		三月兎
16	0	983		リヴィエラ
16	0	985		ミィ
16	0	987		チクマ
16	0	988		みらくるさん
16	0	989		エクレール
16	0	991		セキ
16	0	995		アルニラム
16	0	996		胡蝶
16	0	997		アスク
16	0	998		オークＡ
16	0	999		水まんじゅう
16	0	1000		アリフ
16	0	1001		紗々羅
16	0	1003		おはぎ
16	0	1004		シロ
16	0	1007		イオ
16	0	1008		ユリエル
16	0	1015		セーマ
16	0	1016		ジェフ
16	0	1018		ミルク
16	0	1021		不定名
16	0	1022		紫苑
16	0	1024		せゆり
16	0	1027		ライム
16	0	1029		クレテイユ
16	0	1033		ウルグゥ
16	0	1035		いやしうさぎ
16	0	1036		血濡れのカヤコ
16	0	1038		マーガレット
16	0	1040		ブランカ
16	0	1044		フォリア
16	0	1049		シルク
16	0	1050		ごーれむ
16	0	1051		P・rppare
16	0	1057		フィー
16	0	1061		ぴあにゃ
16	0	1062		天照
16	0	1063		ましろ
16	0	1064		モンブラード
16	0	1066		山茶花
16	0	1067		ワイトキング
16	0	1070		ミドリ
16	0	1072		E
16	0	1073		イタミ
16	0	1078		おっちゃん
16	0	1079		仮面ライダー木村
16	0	1080		晶
16	0	1081		弓削 縁
16	0	1082		すみ
16	0	1090		クルルァ
16	0	1093		AC・サガラ
16	0	1094		ヴムヴム
16	0	1095		たつみ
16	0	1098		リュミエル
16	0	1099		空牙
16	0	1106		フォアメルス
16	0	1109		かべっち
16	0	1112		デク
16	0	1116		ルウ
16	0	1117		ぱめらさん
16	0	1118		アエネアス鈴木
16	0	1119		リーン
16	0	1120		ジャン
16	0	1123		エィダド
16	0	1125		あんこ
16	0	1126		編
16	0	1127		えんちゃん
16	0	1128		ダラー
16	0	1129		イグレオス
16	0	1133		∈（・ω・）∋
16	0	1138		テトラ
16	0	1140		シルヴァ
16	0	1142		クエンサン伯爵
16	0	1144		おうさま
16	0	1148		ウルベリ
16	0	1149		レヴィ
16	0	1152		ソウマとユーナ
16	0	1154		陽介
16	0	1156		ソフィア
16	0	1158		ざき
16	0	1160		らっきー
16	0	1164		ネフ
16	0	1166		ユカリ
16	0	1169		ウル
16	0	1171		リーン
16	0	1172		クーリオ
16	0	1174		テツクズ
16	0	1176		セナ
16	0	1178		わらい
16	0	1181		シレーナ
16	0	1184		Ｄ-Ｉ-Ｄ
16	0	1187		アーティー
16	0	1190		歩行壁
16	0	1191		煉獄のアリス
16	0	1193		アグラーヤ
16	0	1195		内藤
16	0	1196		エース
16	0	1199		ボギー
16	0	1203		ファル
16	0	1207		@
16	0	1209		刹那
16	0	1212		みちる
16	0	1213		スライムA
16	0	1214		マッパゴーレム
16	0	1215		Y戸
16	0	1216		メドゥーさん
16	0	1217		リヴァイアさん
16	0	1219		ロンゴ
16	0	1222		ミリィ
16	0	1223		ジョン
16	0	1224		アレク
16	0	1228		サクヤ
16	0	1229		セリヤ
16	0	1233		ノワール
16	0	1234		さんか
16	0	1235		魔人
16	0	1238		霊華
16	0	1239		べのむキンカ
16	0	1240		樹 風花
16	0	1242		ルッツ
16	0	1247		シュエ
16	0	1248		キャヌ
16	0	1249		シズナ
16	0	1250		ロッドレッジ
16	0	1251		ゾエ
16	0	1252		俊造
16	0	1256		わたし
16	0	1257		ニコラ
16	0	1258		シャル
16	0	1259		シン
16	0	1260		ビッケ
16	0	1262		尾張舞人
16	0	1267		ウルタール
16	0	1269		なこ
16	0	1270		千草と水草
16	0	1271		にぼしェ
16	0	1272		エンテ
16	0	1273		リリィ
16	0	1274		ノエル
16	0	1275		チャチャペペ
16	0	1276		ミュム
16	0	1277		リア
16	0	1278		クレーム
16	0	1280		ユノー
16	0	1281		レキス
16	0	1283		ミカル
16	0	1285		ユルル
16	0	1287		フー・チェール
16	0	1288		ヴァル
16	0	1290		フミ
16	0	1291		トレニア
16	0	1292		プト
16	0	1293		ジェイ
16	0	1294		ブルーダー
16	0	1296		ガーベラ
16	0	1297		コーラル
16	0	1298		グレン
16	0	1299		えんぱく
16	0	1300		マリッサ
16	0	1301		しの
16	0	1303		ヴィオレット
16	0	1305		アレンカ
16	0	1306		ミルフィア
16	0	1307		いお
16	0	1308		カジャ
16	0	1309		イクソス
16	0	1310		リオ
16	0	1311		ハーヴァイア
16	0	1313		銀さん
16	0	1314		ソフィア
16	0	1315		ティア
16	0	1317		蛍
16	0	1318		ロスト
16	0	1321		のこ
16	0	1323		ヘーゼル
16	0	1328		マロシュ
16	0	1329		キャティ
16	0	1331		紅
16	0	1332		みすてぃ
16	0	1333		イメト
16	0	1334		ベネット
16	0	1335		いま
16	0	1336		レイニー
16	0	1337		フーケー
16	0	1340		フォルテ
16	0	1341		炉没斗
16	0	1342		シオセン
16	0	1347		ルイナス
16	0	1353		凡骨
16	0	1354		トリア
16	0	1360		とり
16	0	1362		ミューリ
16	0	1363		トール
16	0	1369		ピア
16	0	1372		紅茶王子
16	0	1373		イリア
16	0	1376		るね
16	0	1377		ゆんゆん
16	0	1378		タリビエ
16	0	1380		さゆ
16	0	1384		シノブ
16	0	1386		ドクター
16	0	1390		ぱっち
16	0	1392		ゴロニャン
16	0	1393		スィ
16	0	1397		青葉
16	0	1398		けだま
16	0	1399		ラフィング
16	0	1400		ローズクォーツ
16	0	1402		フラメア
16	0	1404		リセット
16	0	1405		ドゥーア
16	0	1406		ルナリア
16	0	1410		クアン
16	0	1414		影絵
16	0	1415		クラウ・テトラ
16	0	1416		ウェンズディ
16	0	1418		アルマス
16	0	1424		えんいー
16	0	1426		リート
16	0	1428		ア華ネ
16	0	1429		シィマ
16	0	1430		リベル
16	0	1438		ジャス
16	0	1443		冥御
16	0	1444		メイニーオ
16	0	1446		神威 鉄華
16	0	1447		ドポーゾ
16	0	1452		リュミエール
16	0	1456		リリリカ
16	0	1461		ンリャ
16	0	1462		ヴィーゲンリート
16	0	1463		シロップ
16	0	1464		モリッコ
16	0	1467		シャクティ
16	0	1468		朔
16	0	1469		くろねこ
16	0	1471		エルキフォ
16	0	1473		エア
16	0	1476		佐崎蒼二
16	0	1479		GON
16	0	1481		キノユラ
16	0	1483		アル
16	0	1487		真っ黒な人
16	0	1490		レーナ
16	0	1491		エイム
16	0	1492		ゆうか
16	0	1494		コロ
16	0	1495		アレッシオ
16	0	1496		京
16	0	1499		視線の先
16	0	1501		マグ
16	0	1502		チャンディー
16	0	1503		アトリ
16	0	1507		遊奈ちゃん
16	0	1508		聖府　華
16	0	1509		アマディス
16	0	1510		今昔永久
16	0	1512		ライブニッツ
16	0	1513		サリア
16	0	1515		プリムローズ
16	0	1516		龍狐
16	0	1518		セシル
16	0	1519		世咎是
16	0	1520		空木
16	0	1523		アルキバ
16	0	1524		森の執事
16	0	1531		小春
16	0	1533		トロイカ
16	0	1539		もみじん
16	0	1542		ロッテ
16	0	1545		タンゴ先生
16	0	1549		ノウ
16	0	1550		涙花
16	0	1551		々
16	0	1552		グリンダ
16	0	1555		かぐっち
16	0	1557		エナ
16	0	1558		ゼリッチ
16	0	1562		ライラ
16	0	1563		ミレイユ
16	0	1568		雪
16	0	1570		アズマ
16	0	1572		ラウコーン
16	0	1575		ジオール
16	0	1576		たま
16	0	1579		シュナ
16	0	1581		炭酸抜きコーラ
16	0	1582		ももんが
16	0	1583		水無月
16	0	1584		ばなな
16	0	1586		クロエちゃん
16	0	1587		シュバルツ
16	0	1589		リチア
16	0	1593		ライラ
16	0	1600		京一
16	0	1603		クライド
16	0	1604		ナギ
16	0	1605		ＮｏｔＡｉｒ
16	0	1606		ウェル
16	0	1607		コンチェルト
16	0	1610		ルル
16	0	1613		竈馬
16	0	1614		ゆうちゃん
16	0	1616		シオン
16	0	1617		ぴか
16	0	1618		リィ
16	0	1619		ゆきみ
16	0	1620		エイカ
16	0	1623		リーフィ
16	0	1624		セイナ
16	0	1626		祭Ｗ
16	0	1627		玲華
16	0	1628		美並 秋夫
16	0	1629		東城
16	0	1630		かわち
16	0	1631		ケイ
16	0	1632		ソーマ
16	0	1635		フユリカ
16	0	1638		クラングラン
16	0	1639		ネウ
16	0	1640		ヘンリー
16	0	1642		クラス
16	0	1643		三つ子ちゃん’s
16	0	1646		イリュウラ
16	0	1650		マージ
16	0	1653		くま
16	0	1654		鍋将軍
16	0	1656		エリス様
16	0	1661		燈華
16	0	1663		蒼狐
16	0	1666		デルタ
16	0	1668		桜子先生
16	0	1671		ユーイン
16	0	1674		アッシュ
16	0	1675		ジャリ
16	0	1676		カカシ
16	0	1677		アイス
16	0	1678		シルフィ
16	0	1683		ナギ
16	0	1684		ルベライト
16	0	1687		かい
16	0	1690		アーレ
16	0	1691		ベル
16	0	1692		ガル
16	0	1695		えんぜる
16	0	1698		ウーリ
16	0	1699		エル
16	0	1700		ウェントゥス
16	0	1701		ルシアン
16	0	1702		な行の真ん中
16	0	1703		テオ
16	0	1704		カレル
16	0	1706		マリー
16	0	1707		デジー
16	0	1710		マイルズ
16	0	1711		水無月嬢
16	0	1713		アララ
16	0	1714		シサー
16	0	1715		ハルセラ
16	0	1716		歌うたい
16	0	1717		巨耳
16	0	1724		アーリ
16	0	1727		ルー
16	0	1728		シリル
16	0	1729		ぱうる
16	0	1731		天音
16	0	1735		アニマ
16	0	1737		撫子
16	0	1742		edv
16	0	1746		ビリー
16	0	1749		蓮根
16	0	1752		許さん
16	0	1755		ホシトゥス
16	0	1757		ラヴィネン家長兄
16	0	1758		リファナ
16	0	1759		ブラックブレッド
16	0	1762		ネム
16	0	1768		レティ
16	0	1769		神部
16	0	1770		権之介
16	0	1774		アハト
16	0	1775		カモメ
16	0	1777		ミヤコ
16	0	1779		妹
16	0	1784		コノカ
16	0	1786		ヘーベ
16	0	1788		闇間
16	0	1791		ルビ
16	0	1792		リリアナ
16	0	1794		しまうま
16	0	1797		むささび
16	0	1799		フェリアス
16	0	1801		アリカ
16	0	1804		アリア
16	0	1805		シャロン
16	0	1807		カリッザ
16	0	1809		ノルク
16	0	1810		カールおじさん
16	0	1811		コンコ
16	0	1812		テリトゥ
16	0	1813		サウル
16	0	1814		シャクティ
16	0	1816		コタ
16	0	1817		レオン
16	0	1819		綺墨
16	0	1821		チヨコ
16	0	1822		ブラッシュ
16	0	1824		エルフィエス
16	0	1825		ケルト/レン
16	0	1827		アイオライト
16	0	1828		ジョイ
16	0	1829		ルチル
16	0	1831		レウステルム
16	0	1832		ウルル
16	0	1833		ほむら
16	0	1836		雨乃
16	0	1837		ゆーりん
16	0	1838		オレンジトマト
16	0	1839		フィーア
16	0	1840		蓮
16	0	1842		マグノリア
16	0	1843		アリサ
16	0	1844		あくすぱ
16	0	1847		Acht
16	0	1851		ねこのつめ
16	0	1852		フーロ
16	0	1859		スパロウ
16	0	1860		白布
16	0	1861		ユキ
16	0	1862		ヴァンダ
16	0	1863		タナト
16	0	1864		ラパンシオ
16	0	1868		ラヴィ
16	0	1871		ケンタウロ
16	0	1872		ゆっきー
16	0	1873		イヴェル
16	0	1877		桜梛
16	0	1878		ゼロリア
16	0	1882		キドウ
16	0	1884		アスハ
16	0	1885		ギミー
16	0	1887		レディ
16	0	1892		レネ
16	0	1894		ロスティ
16	0	1899		ソウ
16	0	1901		ソフィー
16	0	1902		秋野　さくら
16	0	1903		denev
16	0	1906		Ringil
16	0	1910		ダイラス
16	0	1911		ウロボロス
16	0	1913		真田　花梨
16	0	1916		ヒスイ
16	0	1917		ルシエラ
16	0	1919		サラトガ
16	0	1922		ひよこ
16	0	1925		マトイ
16	0	1927		シロ
16	0	1930		ファー
16	0	1932		タナカサーン
16	0	1933		デイドラ
16	0	1934		サクラ
16	0	1936		おしゃれこうべ
16	0	1937		七柳
16	0	1939		騎士
16	0	1941		ラディー
16	0	1942		エイプリル
16	0	1945		ゼタ
16	0	1946		アルフ
16	0	1947		はるか
16	0	1954		空狐
16	0	1955		タクト
16	0	1956		ニュート
16	0	1959		如月麗羅
16	0	1960		三郎
16	0	1962		サラーナ
16	0	1966		ノゥラ
16	0	1971		フィー
16	0	1973		ソシア
16	0	1977		ちなみ
16	0	1978		ルシア
16	0	1980		オウテッコウ
16	0	1982		アレクト
16	0	1983		ツキマチ
16	0	1984		レイゼル
16	0	1991		キュリス
16	0	1992		誤先生
16	0	1994		ソラ
16	0	1996		ミヤ
16	0	1998		クルースニク
16	0	1999		カズマ
16	0	2000		ねむむ
16	0	2002		エア
16	0	2009		ベル
16	0	2011		ロバート
16	0	2014		渾沌
16	0	2016		シスター
16	0	2020		ウィリアム
16	0	2021		あとりん
16	0	2023		ティルト
16	0	2024		SCP-■■■
16	0	2025		ふゆまさ
16	0	2030		モアイ
16	0	2031		おやまだ
16	0	2033		リリィ
16	0	2034		ヒュナ
16	0	2035		クレハ
16	0	2036		イリアス
16	0	2037		ラジャス
16	0	2038		葉月
16	0	2039		ディアドラ
16	0	2042		アオイ
16	0	2044		ファロウ
16	0	2046		アイネ
16	0	2048		ドクターデッドL
16	0	2050		セシリア
16	0	2051		フィアー
16	0	2052		ルクエラ
16	0	2053		ウィームクック
16	0	2054		ラトレッジ
16	0	2058		ガルザード
16	0	2060		ほしねこ
16	0	2062		ユゥ
16	0	2066		Ｇ子
16	0	2068		ウインタ
16	0	2071		魔法の壺
16	0	2072		夜叉騎士
16	0	2073		アルファ
16	0	2074		アカツキ
16	0	2075		レヴィ
16	0	2076		ゴンディー
16	0	2078		ケツゲドレッド
16	0	2080		Axel
16	0	2083		ゲンチュウ
16	0	2084		カノ
16	0	2088		ヘザー
16	0	2100		亜衣
16	0	2105		櫻枝
16	0	2111		杏
16	0	2112		テオ
16	0	2114		ファル
16	0	2119		虹珠
16	0	2120		セルマ
16	0	2122		咲沙
16	0	2124		リナリア
16	0	2130		Abominat
16	0	2134		せ-1003
16	0	2135		アネイル
16	0	2137		シア
16	0	2140		リン
16	0	2141		ジャグ
16	0	2142		キッド
16	0	2147		ナナシー
16	0	2150		カオス
16	0	2151		リオ
16	0	2152		ダイモン
16	0	2153		鯛
16	0	2156		アメジスト
16	0	2158		ライラ
16	0	2161		エル
16	0	2163		ラシール
16	0	2164		エリー
16	0	2169		リヒト
16	0	2172		藍璃
16	0	2173		ウェルマ
16	0	2176		ゆうちゃ
16	0	2180		フェルド
16	0	2184		すいこー
16	0	2185		イド
16	0	2186		天火
16	0	2189		テスラ
16	0	2190		左右
16	0	2194		ティツィアーノ
16	0	2197		チクタクちゃん
16	0	2198		ジェイド
16	0	2199		総統閣下
16	0	2200		りんと
16	0	2202		イズル
16	0	2206		ラト
16	0	2208		ゾ＝ル
16	0	2209		イサナ
16	0	2210		みとせ
16	0	2211		カイン
16	0	2215		シェリー
16	0	2217		チル
16	0	2220		つむりん
16	0	2221		あびす
16	0	2222		かすか
16	0	2223		アンフィニ
16	0	2225		トゥール
16	0	2227		リア／レイ
16	0	2228		輪廻
16	0	2229		美希
16	0	2231		モニカ
16	0	2232		天
16	0	2233		誘音
16	0	2234		コロリロ
16	0	2235		レイス
16	0	2236		マツリ
16	0	2237		天塚博永
16	0	2238		シオン=ミマサカ
16	0	2239		本
16	0	2241		イードル
16	0	2242		ニコ
16	0	2243		チャボ
16	0	2244		コード00
16	0	2245		ラギ
16	0	2248		フィリ
16	0	2250		タマ
16	0	2251		コード00
16	0	2252		カシュー
16	0	2253		ちなつ
16	0	2254		ユウ
16	0	2255		ツバキ
16	0	2256		トウマ
16	0	2257		くずあん
16	0	2258		ディア
16	0	2260		ウィル
16	0	2261		ウェニー
16	0	2262		ルミナ
16	0	2263		エイ
16	0	2265		フォール
16	0	2266		ダイザー
